temp_vern_min,temp_vern_inter,temp_vern_max,coeff_primordia_emission_vegetative,derivationLength,option_tallage,option_senescence,option_floraison,cutting_height,cutting_end,HCOUP,meteo_filename,cutting_dates,PS_compensation_point,leaf_primary_induction_coeff,leaf_secondary_induction_coeff,Premiecroiss,daily_vern_rate,leaf_number_max,PPRM,coeff_primordia_emission_reproductive,increase_growth_Premiecroiss,photoperiod_min,combinaison,site,sowing_date,photoperiod_max,value_C,increase_growth_C,Scenario,name
-3,4,12,1,9000,False,False,True,,,50,Meteo_GEVES.csv,2009_11_15,14.1,1,1,112,0.048,21,0.64,3,1.21,11.6,1,THEIX,2009_09_15,11.6,1,1,1,simulation_1
-3,4,12,1,9000,False,False,True,,,50,Meteo_GEVES.csv,2009_11_15,14.1,1,1,112,0.048,15,0.64,3,1.21,11.6,2,THEIX,2009_09_15,11.6,1,1,2,simulation_2
-3,4,12,1,9000,False,False,True,,,50,Meteo_GEVES.csv,2009_11_15,14.1,1,1,88,0.048,15,0.64,3,1.21,11.6,3,THEIX,2009_09_15,11.6,1,1,3,simulation_3
-3,4,12,1,9000,False,False,True,,,50,Meteo_GEVES.csv,2009_11_15,14.1,1,1,88,0.048,15,0.64,6,1.21,11.6,4,THEIX,2009_09_15,11.6,1,1,4,simulation_4
-3,4,12,1,9000,False,False,True,,,50,Meteo_GEVES.csv,2009_11_15,14.1,1,1,88,0.048,15,0.64,6,1.21,10.4,5,THEIX,2009_09_15,10.4,1,1,5,simulation_5
-3,4,12,1,9000,False,False,True,,,50,Meteo_GEVES.csv,2009_11_15,14.1,1,1,88,0.015,15,0.64,6,1.21,10.4,6,THEIX,2009_09_15,10.4,1,1,6,simulation_6
-3,4,12,1,9000,False,False,True,,,50,Meteo_GEVES.csv,2009_11_15,14.1,1,1,88,0.015,15,0.1,6,1.21,10.4,7,THEIX,2009_09_15,10.4,1,1,7,simulation_7
-3,4,12,1,9000,False,False,True,,,50,Meteo_GEVES.csv,2009_11_15,14.1,1,1,88,0.015,15,0.1,6,0.34,10.4,8,THEIX,2009_09_15,10.4,1,1,8,simulation_8
-3,4,12,1,9000,False,False,True,,,50,Meteo_GEVES.csv,2009_11_15,14.1,1,1,88,0.037,25,0.82,6,1.21,10.4,9,THEIX,2009_09_15,10.4,1,1,9,simulation_9
-3,4,12,1,9000,False,False,True,,,50,Meteo_GEVES.csv,2009_11_15,14.1,1,1,88,0.037,25,0.28,6,1.21,10.4,10,THEIX,2009_09_15,10.4,1,1,10,simulation_10
-3,4,12,1,9000,False,False,True,,,50,Meteo_GEVES.csv,2009_11_15,14.1,1,1,112,0.037,25,0.28,6,1.21,10.4,11,THEIX,2009_09_15,10.4,1,1,11,simulation_11
-3,4,12,1,9000,False,False,True,,,50,Meteo_GEVES.csv,2009_11_15,14.1,1,1,112,0.037,25,0.28,6,0.34,10.4,12,THEIX,2009_09_15,10.4,1,1,12,simulation_12
-3,4,12,1,9000,False,False,True,,,50,Meteo_GEVES.csv,2009_11_15,14.1,1,1,112,0.07,25,0.28,6,0.34,10.4,13,THEIX,2009_09_15,10.4,1,1,13,simulation_13
-3,4,12,1,9000,False,False,True,,,50,Meteo_GEVES.csv,2009_11_15,14.1,1,1,112,0.07,19,0.28,6,0.34,10.4,14,THEIX,2009_09_15,10.4,1,1,14,simulation_14
-3,4,12,1,9000,False,False,True,,,50,Meteo_GEVES.csv,2009_11_15,14.1,1,1,112,0.07,19,0.28,6,0.34,11.6,15,THEIX,2009_09_15,11.6,1,1,15,simulation_15
-3,4,12,1,9000,False,False,True,,,50,Meteo_GEVES.csv,2009_11_15,14.1,1,1,112,0.07,19,0.28,3,0.34,11.6,16,THEIX,2009_09_15,11.6,1,1,16,simulation_16
-3,4,12,1,9000,False,False,True,,,50,Meteo_GEVES.csv,2009_11_15,14.1,1,1,80,0.015,15,0.28,6,0.05,12,17,THEIX,2009_09_15,12,1,1,17,simulation_17
-3,4,12,1,9000,False,False,True,,,50,Meteo_GEVES.csv,2009_11_15,14.1,1,1,80,0.015,15,0.28,6,0.92,12,18,THEIX,2009_09_15,12,1,1,18,simulation_18
-3,4,12,1,9000,False,False,True,,,50,Meteo_GEVES.csv,2009_11_15,14.1,1,1,80,0.015,15,0.28,3,0.92,12,19,THEIX,2009_09_15,12,1,1,19,simulation_19
-3,4,12,1,9000,False,False,True,,,50,Meteo_GEVES.csv,2009_11_15,14.1,1,1,80,0.015,15,0.82,3,0.92,12,20,THEIX,2009_09_15,12,1,1,20,simulation_20
-3,4,12,1,9000,False,False,True,,,50,Meteo_GEVES.csv,2009_11_15,14.1,1,1,80,0.015,21,0.82,3,0.92,12,21,THEIX,2009_09_15,12,1,1,21,simulation_21
-3,4,12,1,9000,False,False,True,,,50,Meteo_GEVES.csv,2009_11_15,14.1,1,1,104,0.015,21,0.82,3,0.92,12,22,THEIX,2009_09_15,12,1,1,22,simulation_22
-3,4,12,1,9000,False,False,True,,,50,Meteo_GEVES.csv,2009_11_15,14.1,1,1,104,0.048,21,0.82,3,0.92,12,23,THEIX,2009_09_15,12,1,1,23,simulation_23
-3,4,12,1,9000,False,False,True,,,50,Meteo_GEVES.csv,2009_11_15,14.1,1,1,104,0.048,21,0.82,3,0.92,10.8,24,THEIX,2009_09_15,10.8,1,1,24,simulation_24
-3,4,12,1,9000,False,False,True,,,50,Meteo_GEVES.csv,2009_11_15,14.1,1,1,88,0.015,19,0.28,6,0.34,12,25,THEIX,2009_09_15,12,1,1,25,simulation_25
-3,4,12,1,9000,False,False,True,,,50,Meteo_GEVES.csv,2009_11_15,14.1,1,1,88,0.015,19,0.82,6,0.34,12,26,THEIX,2009_09_15,12,1,1,26,simulation_26
-3,4,12,1,9000,False,False,True,,,50,Meteo_GEVES.csv,2009_11_15,14.1,1,1,88,0.015,19,0.82,3,0.34,12,27,THEIX,2009_09_15,12,1,1,27,simulation_27
-3,4,12,1,9000,False,False,True,,,50,Meteo_GEVES.csv,2009_11_15,14.1,1,1,88,0.048,19,0.82,3,0.34,12,28,THEIX,2009_09_15,12,1,1,28,simulation_28
-3,4,12,1,9000,False,False,True,,,50,Meteo_GEVES.csv,2009_11_15,14.1,1,1,88,0.048,19,0.82,3,1.21,12,29,THEIX,2009_09_15,12,1,1,29,simulation_29
-3,4,12,1,9000,False,False,True,,,50,Meteo_GEVES.csv,2009_11_15,14.1,1,1,88,0.048,25,0.82,3,1.21,12,30,THEIX,2009_09_15,12,1,1,30,simulation_30
-3,4,12,1,9000,False,False,True,,,50,Meteo_GEVES.csv,2009_11_15,14.1,1,1,88,0.048,25,0.82,3,1.21,10.8,31,THEIX,2009_09_15,10.8,1,1,31,simulation_31
-3,4,12,1,9000,False,False,True,,,50,Meteo_GEVES.csv,2009_11_15,14.1,1,1,112,0.048,25,0.82,3,1.21,10.8,32,THEIX,2009_09_15,10.8,1,1,32,simulation_32
-3,4,12,1,9000,False,False,True,,,50,Meteo_GEVES.csv,2009_11_15,14.1,1,1,88,0.059,17,0.28,2,1.5,10.8,33,THEIX,2009_09_15,10.8,1,1,33,simulation_33
-3,4,12,1,9000,False,False,True,,,50,Meteo_GEVES.csv,2009_11_15,14.1,1,1,112,0.059,17,0.28,2,1.5,10.8,34,THEIX,2009_09_15,10.8,1,1,34,simulation_34
-3,4,12,1,9000,False,False,True,,,50,Meteo_GEVES.csv,2009_11_15,14.1,1,1,112,0.059,17,0.28,2,1.5,12,35,THEIX,2009_09_15,12,1,1,35,simulation_35
-3,4,12,1,9000,False,False,True,,,50,Meteo_GEVES.csv,2009_11_15,14.1,1,1,112,0.026,17,0.28,2,1.5,12,36,THEIX,2009_09_15,12,1,1,36,simulation_36
-3,4,12,1,9000,False,False,True,,,50,Meteo_GEVES.csv,2009_11_15,14.1,1,1,112,0.026,17,0.28,2,0.63,12,37,THEIX,2009_09_15,12,1,1,37,simulation_37
-3,4,12,1,9000,False,False,True,,,50,Meteo_GEVES.csv,2009_11_15,14.1,1,1,112,0.026,23,0.28,2,0.63,12,38,THEIX,2009_09_15,12,1,1,38,simulation_38
-3,4,12,1,9000,False,False,True,,,50,Meteo_GEVES.csv,2009_11_15,14.1,1,1,112,0.026,23,0.82,2,0.63,12,39,THEIX,2009_09_15,12,1,1,39,simulation_39
-3,4,12,1,9000,False,False,True,,,50,Meteo_GEVES.csv,2009_11_15,14.1,1,1,112,0.026,23,0.82,5,0.63,12,40,THEIX,2009_09_15,12,1,1,40,simulation_40
-3,4,12,1,9000,False,False,True,,,50,Meteo_GEVES.csv,2009_11_15,14.1,1,1,104,0.026,19,0.82,4,0.05,11.6,41,THEIX,2009_09_15,11.6,1,1,41,simulation_41
-3,4,12,1,9000,False,False,True,,,50,Meteo_GEVES.csv,2009_11_15,14.1,1,1,80,0.026,19,0.82,4,0.05,11.6,42,THEIX,2009_09_15,11.6,1,1,42,simulation_42
-3,4,12,1,9000,False,False,True,,,50,Meteo_GEVES.csv,2009_11_15,14.1,1,1,80,0.026,19,0.28,4,0.05,11.6,43,THEIX,2009_09_15,11.6,1,1,43,simulation_43
-3,4,12,1,9000,False,False,True,,,50,Meteo_GEVES.csv,2009_11_15,14.1,1,1,80,0.026,19,0.28,7,0.05,11.6,44,THEIX,2009_09_15,11.6,1,1,44,simulation_44
-3,4,12,1,9000,False,False,True,,,50,Meteo_GEVES.csv,2009_11_15,14.1,1,1,80,0.026,25,0.28,7,0.05,11.6,45,THEIX,2009_09_15,11.6,1,1,45,simulation_45
-3,4,12,1,9000,False,False,True,,,50,Meteo_GEVES.csv,2009_11_15,14.1,1,1,80,0.026,25,0.28,7,0.92,11.6,46,THEIX,2009_09_15,11.6,1,1,46,simulation_46
-3,4,12,1,9000,False,False,True,,,50,Meteo_GEVES.csv,2009_11_15,14.1,1,1,80,0.026,25,0.28,7,0.92,10.4,47,THEIX,2009_09_15,10.4,1,1,47,simulation_47
-3,4,12,1,9000,False,False,True,,,50,Meteo_GEVES.csv,2009_11_15,14.1,1,1,80,0.059,25,0.28,7,0.92,10.4,48,THEIX,2009_09_15,10.4,1,1,48,simulation_48
-3,4,12,1,9000,False,False,True,,,50,Meteo_GEVES.csv,2009_11_15,14.1,1,1,80,0.059,23,0.46,7,0.63,11.2,49,THEIX,2009_09_15,11.2,1,1,49,simulation_49
-3,4,12,1,9000,False,False,True,,,50,Meteo_GEVES.csv,2009_11_15,14.1,1,1,80,0.059,23,0.46,7,0.63,10,50,THEIX,2009_09_15,10,1,1,50,simulation_50
-3,4,12,1,9000,False,False,True,,,50,Meteo_GEVES.csv,2009_11_15,14.1,1,1,80,0.059,23,1,7,0.63,10,51,THEIX,2009_09_15,10,1,1,51,simulation_51
-3,4,12,1,9000,False,False,True,,,50,Meteo_GEVES.csv,2009_11_15,14.1,1,1,104,0.059,23,1,7,0.63,10,52,THEIX,2009_09_15,10,1,1,52,simulation_52
-3,4,12,1,9000,False,False,True,,,50,Meteo_GEVES.csv,2009_11_15,14.1,1,1,104,0.026,23,1,7,0.63,10,53,THEIX,2009_09_15,10,1,1,53,simulation_53
-3,4,12,1,9000,False,False,True,,,50,Meteo_GEVES.csv,2009_11_15,14.1,1,1,104,0.026,23,1,7,1.5,10,54,THEIX,2009_09_15,10,1,1,54,simulation_54
-3,4,12,1,9000,False,False,True,,,50,Meteo_GEVES.csv,2009_11_15,14.1,1,1,104,0.026,23,1,4,1.5,10,55,THEIX,2009_09_15,10,1,1,55,simulation_55
-3,4,12,1,9000,False,False,True,,,50,Meteo_GEVES.csv,2009_11_15,14.1,1,1,104,0.026,17,1,4,1.5,10,56,THEIX,2009_09_15,10,1,1,56,simulation_56
-3,4,12,1,9000,False,False,True,,,50,Meteo_GEVES.csv,2009_11_15,14.1,1,1,120,0.07,17,0.1,2,0.63,10.4,57,THEIX,2009_09_15,10.4,1,1,57,simulation_57
-3,4,12,1,9000,False,False,True,,,50,Meteo_GEVES.csv,2009_11_15,14.1,1,1,120,0.07,23,0.1,2,0.63,10.4,58,THEIX,2009_09_15,10.4,1,1,58,simulation_58
-3,4,12,1,9000,False,False,True,,,50,Meteo_GEVES.csv,2009_11_15,14.1,1,1,120,0.037,23,0.1,2,0.63,10.4,59,THEIX,2009_09_15,10.4,1,1,59,simulation_59
-3,4,12,1,9000,False,False,True,,,50,Meteo_GEVES.csv,2009_11_15,14.1,1,1,120,0.037,23,0.1,2,0.63,11.6,60,THEIX,2009_09_15,11.6,1,1,60,simulation_60
-3,4,12,1,9000,False,False,True,,,50,Meteo_GEVES.csv,2009_11_15,14.1,1,1,120,0.037,23,0.1,5,0.63,11.6,61,THEIX,2009_09_15,11.6,1,1,61,simulation_61
-3,4,12,1,9000,False,False,True,,,50,Meteo_GEVES.csv,2009_11_15,14.1,1,1,96,0.037,23,0.1,5,0.63,11.6,62,THEIX,2009_09_15,11.6,1,1,62,simulation_62
-3,4,12,1,9000,False,False,True,,,50,Meteo_GEVES.csv,2009_11_15,14.1,1,1,96,0.037,23,0.1,5,1.5,11.6,63,THEIX,2009_09_15,11.6,1,1,63,simulation_63
-3,4,12,1,9000,False,False,True,,,50,Meteo_GEVES.csv,2009_11_15,14.1,1,1,96,0.037,23,0.64,5,1.5,11.6,64,THEIX,2009_09_15,11.6,1,1,64,simulation_64
-3,4,12,1,9000,False,False,True,,,50,Meteo_GEVES.csv,2009_11_15,14.1,1,1,112,0.037,25,0.82,7,0.05,10,65,THEIX,2009_09_15,10,1,1,65,simulation_65
-3,4,12,1,9000,False,False,True,,,50,Meteo_GEVES.csv,2009_11_15,14.1,1,1,88,0.037,25,0.82,7,0.05,10,66,THEIX,2009_09_15,10,1,1,66,simulation_66
-3,4,12,1,9000,False,False,True,,,50,Meteo_GEVES.csv,2009_11_15,14.1,1,1,88,0.037,25,0.82,7,0.92,10,67,THEIX,2009_09_15,10,1,1,67,simulation_67
-3,4,12,1,9000,False,False,True,,,50,Meteo_GEVES.csv,2009_11_15,14.1,1,1,88,0.037,25,0.28,7,0.92,10,68,THEIX,2009_09_15,10,1,1,68,simulation_68
-3,4,12,1,9000,False,False,True,,,50,Meteo_GEVES.csv,2009_11_15,14.1,1,1,88,0.07,25,0.28,7,0.92,10,69,THEIX,2009_09_15,10,1,1,69,simulation_69
-3,4,12,1,9000,False,False,True,,,50,Meteo_GEVES.csv,2009_11_15,14.1,1,1,88,0.07,19,0.28,7,0.92,10,70,THEIX,2009_09_15,10,1,1,70,simulation_70
-3,4,12,1,9000,False,False,True,,,50,Meteo_GEVES.csv,2009_11_15,14.1,1,1,88,0.07,19,0.28,4,0.92,10,71,THEIX,2009_09_15,10,1,1,71,simulation_71
-3,4,12,1,9000,False,False,True,,,50,Meteo_GEVES.csv,2009_11_15,14.1,1,1,88,0.07,19,0.28,4,0.92,11.2,72,THEIX,2009_09_15,11.2,1,1,72,simulation_72
-3,4,12,1,9000,False,False,True,,,50,Meteo_GEVES.csv,2009_11_15,14.1,1,1,96,0.015,21,0.1,3,0.92,12,73,THEIX,2009_09_15,12,1,1,73,simulation_73
-3,4,12,1,9000,False,False,True,,,50,Meteo_GEVES.csv,2009_11_15,14.1,1,1,96,0.015,21,0.1,3,0.05,12,74,THEIX,2009_09_15,12,1,1,74,simulation_74
-3,4,12,1,9000,False,False,True,,,50,Meteo_GEVES.csv,2009_11_15,14.1,1,1,120,0.015,21,0.1,3,0.05,12,75,THEIX,2009_09_15,12,1,1,75,simulation_75
-3,4,12,1,9000,False,False,True,,,50,Meteo_GEVES.csv,2009_11_15,14.1,1,1,120,0.048,21,0.1,3,0.05,12,76,THEIX,2009_09_15,12,1,1,76,simulation_76
-3,4,12,1,9000,False,False,True,,,50,Meteo_GEVES.csv,2009_11_15,14.1,1,1,120,0.048,21,0.1,3,0.05,10.8,77,THEIX,2009_09_15,10.8,1,1,77,simulation_77
-3,4,12,1,9000,False,False,True,,,50,Meteo_GEVES.csv,2009_11_15,14.1,1,1,120,0.048,21,0.1,6,0.05,10.8,78,THEIX,2009_09_15,10.8,1,1,78,simulation_78
-3,4,12,1,9000,False,False,True,,,50,Meteo_GEVES.csv,2009_11_15,14.1,1,1,120,0.048,21,0.64,6,0.05,10.8,79,THEIX,2009_09_15,10.8,1,1,79,simulation_79
-3,4,12,1,9000,False,False,True,,,50,Meteo_GEVES.csv,2009_11_15,14.1,1,1,120,0.048,15,0.64,6,0.05,10.8,80,THEIX,2009_09_15,10.8,1,1,80,simulation_80
-3,4,12,1,9000,False,False,True,,,50,Meteo_GEVES.csv,2009_11_15,14.1,1,1,112,0.026,19,0.46,5,0.05,10,81,THEIX,2009_09_15,10,1,1,81,simulation_81
-3,4,12,1,9000,False,False,True,,,50,Meteo_GEVES.csv,2009_11_15,14.1,1,1,112,0.059,19,0.46,5,0.05,10,82,THEIX,2009_09_15,10,1,1,82,simulation_82
-3,4,12,1,9000,False,False,True,,,50,Meteo_GEVES.csv,2009_11_15,14.1,1,1,112,0.059,19,0.46,5,0.05,11.2,83,THEIX,2009_09_15,11.2,1,1,83,simulation_83
-3,4,12,1,9000,False,False,True,,,50,Meteo_GEVES.csv,2009_11_15,14.1,1,1,88,0.059,19,0.46,5,0.05,11.2,84,THEIX,2009_09_15,11.2,1,1,84,simulation_84
-3,4,12,1,9000,False,False,True,,,50,Meteo_GEVES.csv,2009_11_15,14.1,1,1,88,0.059,25,0.46,5,0.05,11.2,85,THEIX,2009_09_15,11.2,1,1,85,simulation_85
-3,4,12,1,9000,False,False,True,,,50,Meteo_GEVES.csv,2009_11_15,14.1,1,1,88,0.059,25,0.46,2,0.05,11.2,86,THEIX,2009_09_15,11.2,1,1,86,simulation_86
-3,4,12,1,9000,False,False,True,,,50,Meteo_GEVES.csv,2009_11_15,14.1,1,1,88,0.059,25,1,2,0.05,11.2,87,THEIX,2009_09_15,11.2,1,1,87,simulation_87
-3,4,12,1,9000,False,False,True,,,50,Meteo_GEVES.csv,2009_11_15,14.1,1,1,88,0.059,25,1,2,0.92,11.2,88,THEIX,2009_09_15,11.2,1,1,88,simulation_88
-3,4,12,1,9000,False,False,True,,,50,Meteo_GEVES.csv,2009_11_15,14.1,1,1,88,0.07,15,0.82,3,1.5,10.8,89,THEIX,2009_09_15,10.8,1,1,89,simulation_89
-3,4,12,1,9000,False,False,True,,,50,Meteo_GEVES.csv,2009_11_15,14.1,1,1,88,0.07,21,0.82,3,1.5,10.8,90,THEIX,2009_09_15,10.8,1,1,90,simulation_90
-3,4,12,1,9000,False,False,True,,,50,Meteo_GEVES.csv,2009_11_15,14.1,1,1,112,0.07,21,0.82,3,1.5,10.8,91,THEIX,2009_09_15,10.8,1,1,91,simulation_91
-3,4,12,1,9000,False,False,True,,,50,Meteo_GEVES.csv,2009_11_15,14.1,1,1,112,0.07,21,0.28,3,1.5,10.8,92,THEIX,2009_09_15,10.8,1,1,92,simulation_92
-3,4,12,1,9000,False,False,True,,,50,Meteo_GEVES.csv,2009_11_15,14.1,1,1,112,0.037,21,0.28,3,1.5,10.8,93,THEIX,2009_09_15,10.8,1,1,93,simulation_93
-3,4,12,1,9000,False,False,True,,,50,Meteo_GEVES.csv,2009_11_15,14.1,1,1,112,0.037,21,0.28,6,1.5,10.8,94,THEIX,2009_09_15,10.8,1,1,94,simulation_94
-3,4,12,1,9000,False,False,True,,,50,Meteo_GEVES.csv,2009_11_15,14.1,1,1,112,0.037,21,0.28,6,0.63,10.8,95,THEIX,2009_09_15,10.8,1,1,95,simulation_95
-3,4,12,1,9000,False,False,True,,,50,Meteo_GEVES.csv,2009_11_15,14.1,1,1,112,0.037,21,0.28,6,0.63,12,96,THEIX,2009_09_15,12,1,1,96,simulation_96
-3,4,12,1,9000,False,False,True,,,50,Meteo_GEVES.csv,2009_11_15,14.1,1,1,96,0.026,23,0.64,2,0.34,10.8,97,THEIX,2009_09_15,10.8,1,1,97,simulation_97
-3,4,12,1,9000,False,False,True,,,50,Meteo_GEVES.csv,2009_11_15,14.1,1,1,96,0.026,23,0.1,2,0.34,10.8,98,THEIX,2009_09_15,10.8,1,1,98,simulation_98
-3,4,12,1,9000,False,False,True,,,50,Meteo_GEVES.csv,2009_11_15,14.1,1,1,96,0.026,17,0.1,2,0.34,10.8,99,THEIX,2009_09_15,10.8,1,1,99,simulation_99
-3,4,12,1,9000,False,False,True,,,50,Meteo_GEVES.csv,2009_11_15,14.1,1,1,120,0.026,17,0.1,2,0.34,10.8,100,THEIX,2009_09_15,10.8,1,1,100,simulation_100
-3,4,12,1,9000,False,False,True,,,50,Meteo_GEVES.csv,2009_11_15,14.1,1,1,120,0.026,17,0.1,2,0.34,12,101,THEIX,2009_09_15,12,1,1,101,simulation_101
-3,4,12,1,9000,False,False,True,,,50,Meteo_GEVES.csv,2009_11_15,14.1,1,1,120,0.026,17,0.1,2,1.21,12,102,THEIX,2009_09_15,12,1,1,102,simulation_102
-3,4,12,1,9000,False,False,True,,,50,Meteo_GEVES.csv,2009_11_15,14.1,1,1,120,0.026,17,0.1,5,1.21,12,103,THEIX,2009_09_15,12,1,1,103,simulation_103
-3,4,12,1,9000,False,False,True,,,50,Meteo_GEVES.csv,2009_11_15,14.1,1,1,120,0.059,17,0.1,5,1.21,12,104,THEIX,2009_09_15,12,1,1,104,simulation_104
-3,4,12,1,9000,False,False,True,,,50,Meteo_GEVES.csv,2009_11_15,14.1,1,1,104,0.048,21,1,7,0.92,10,105,THEIX,2009_09_15,10,1,1,105,simulation_105
-3,4,12,1,9000,False,False,True,,,50,Meteo_GEVES.csv,2009_11_15,14.1,1,1,104,0.015,21,1,7,0.92,10,106,THEIX,2009_09_15,10,1,1,106,simulation_106
-3,4,12,1,9000,False,False,True,,,50,Meteo_GEVES.csv,2009_11_15,14.1,1,1,104,0.015,21,0.46,7,0.92,10,107,THEIX,2009_09_15,10,1,1,107,simulation_107
-3,4,12,1,9000,False,False,True,,,50,Meteo_GEVES.csv,2009_11_15,14.1,1,1,104,0.015,15,0.46,7,0.92,10,108,THEIX,2009_09_15,10,1,1,108,simulation_108
-3,4,12,1,9000,False,False,True,,,50,Meteo_GEVES.csv,2009_11_15,14.1,1,1,80,0.015,15,0.46,7,0.92,10,109,THEIX,2009_09_15,10,1,1,109,simulation_109
-3,4,12,1,9000,False,False,True,,,50,Meteo_GEVES.csv,2009_11_15,14.1,1,1,80,0.015,15,0.46,4,0.92,10,110,THEIX,2009_09_15,10,1,1,110,simulation_110
-3,4,12,1,9000,False,False,True,,,50,Meteo_GEVES.csv,2009_11_15,14.1,1,1,80,0.015,15,0.46,4,0.92,11.2,111,THEIX,2009_09_15,11.2,1,1,111,simulation_111
-3,4,12,1,9000,False,False,True,,,50,Meteo_GEVES.csv,2009_11_15,14.1,1,1,80,0.015,15,0.46,4,0.05,11.2,112,THEIX,2009_09_15,11.2,1,1,112,simulation_112
-3,4,12,1,9000,False,False,True,,,50,Meteo_GEVES.csv,2009_11_15,14.1,1,1,96,0.015,25,0.1,7,0.63,12,113,THEIX,2009_09_15,12,1,1,113,simulation_113
-3,4,12,1,9000,False,False,True,,,50,Meteo_GEVES.csv,2009_11_15,14.1,1,1,96,0.015,19,0.1,7,0.63,12,114,THEIX,2009_09_15,12,1,1,114,simulation_114
-3,4,12,1,9000,False,False,True,,,50,Meteo_GEVES.csv,2009_11_15,14.1,1,1,96,0.015,19,0.1,7,1.5,12,115,THEIX,2009_09_15,12,1,1,115,simulation_115
-3,4,12,1,9000,False,False,True,,,50,Meteo_GEVES.csv,2009_11_15,14.1,1,1,96,0.015,19,0.1,4,1.5,12,116,THEIX,2009_09_15,12,1,1,116,simulation_116
-3,4,12,1,9000,False,False,True,,,50,Meteo_GEVES.csv,2009_11_15,14.1,1,1,96,0.048,19,0.1,4,1.5,12,117,THEIX,2009_09_15,12,1,1,117,simulation_117
-3,4,12,1,9000,False,False,True,,,50,Meteo_GEVES.csv,2009_11_15,14.1,1,1,96,0.048,19,0.1,4,1.5,10.8,118,THEIX,2009_09_15,10.8,1,1,118,simulation_118
-3,4,12,1,9000,False,False,True,,,50,Meteo_GEVES.csv,2009_11_15,14.1,1,1,120,0.048,19,0.1,4,1.5,10.8,119,THEIX,2009_09_15,10.8,1,1,119,simulation_119
-3,4,12,1,9000,False,False,True,,,50,Meteo_GEVES.csv,2009_11_15,14.1,1,1,120,0.048,19,0.64,4,1.5,10.8,120,THEIX,2009_09_15,10.8,1,1,120,simulation_120
-3,4,12,1,9000,False,False,True,,,50,Meteo_GEVES.csv,2009_11_15,14.1,1,1,96,0.037,21,0.82,2,1.21,12,121,THEIX,2009_09_15,12,1,1,121,simulation_121
-3,4,12,1,9000,False,False,True,,,50,Meteo_GEVES.csv,2009_11_15,14.1,1,1,96,0.037,21,0.82,2,0.34,12,122,THEIX,2009_09_15,12,1,1,122,simulation_122
-3,4,12,1,9000,False,False,True,,,50,Meteo_GEVES.csv,2009_11_15,14.1,1,1,96,0.037,21,0.82,5,0.34,12,123,THEIX,2009_09_15,12,1,1,123,simulation_123
-3,4,12,1,9000,False,False,True,,,50,Meteo_GEVES.csv,2009_11_15,14.1,1,1,96,0.07,21,0.82,5,0.34,12,124,THEIX,2009_09_15,12,1,1,124,simulation_124
-3,4,12,1,9000,False,False,True,,,50,Meteo_GEVES.csv,2009_11_15,14.1,1,1,96,0.07,15,0.82,5,0.34,12,125,THEIX,2009_09_15,12,1,1,125,simulation_125
-3,4,12,1,9000,False,False,True,,,50,Meteo_GEVES.csv,2009_11_15,14.1,1,1,120,0.07,15,0.82,5,0.34,12,126,THEIX,2009_09_15,12,1,1,126,simulation_126
-3,4,12,1,9000,False,False,True,,,50,Meteo_GEVES.csv,2009_11_15,14.1,1,1,120,0.07,15,0.28,5,0.34,12,127,THEIX,2009_09_15,12,1,1,127,simulation_127
-3,4,12,1,9000,False,False,True,,,50,Meteo_GEVES.csv,2009_11_15,14.1,1,1,120,0.07,15,0.28,5,0.34,10.8,128,THEIX,2009_09_15,10.8,1,1,128,simulation_128
-3,4,12,1,9000,False,False,True,,,50,Meteo_GEVES.csv,2009_11_15,14.1,1,1,112,0.015,19,0.82,7,0.34,10.4,129,THEIX,2009_09_15,10.4,1,1,129,simulation_129
-3,4,12,1,9000,False,False,True,,,50,Meteo_GEVES.csv,2009_11_15,14.1,1,1,88,0.015,19,0.82,7,0.34,10.4,130,THEIX,2009_09_15,10.4,1,1,130,simulation_130
-3,4,12,1,9000,False,False,True,,,50,Meteo_GEVES.csv,2009_11_15,14.1,1,1,88,0.015,19,0.82,4,0.34,10.4,131,THEIX,2009_09_15,10.4,1,1,131,simulation_131
-3,4,12,1,9000,False,False,True,,,50,Meteo_GEVES.csv,2009_11_15,14.1,1,1,88,0.015,19,0.82,4,0.34,11.6,132,THEIX,2009_09_15,11.6,1,1,132,simulation_132
-3,4,12,1,9000,False,False,True,,,50,Meteo_GEVES.csv,2009_11_15,14.1,1,1,88,0.015,19,0.82,4,1.21,11.6,133,THEIX,2009_09_15,11.6,1,1,133,simulation_133
-3,4,12,1,9000,False,False,True,,,50,Meteo_GEVES.csv,2009_11_15,14.1,1,1,88,0.015,25,0.82,4,1.21,11.6,134,THEIX,2009_09_15,11.6,1,1,134,simulation_134
-3,4,12,1,9000,False,False,True,,,50,Meteo_GEVES.csv,2009_11_15,14.1,1,1,88,0.048,25,0.82,4,1.21,11.6,135,THEIX,2009_09_15,11.6,1,1,135,simulation_135
-3,4,12,1,9000,False,False,True,,,50,Meteo_GEVES.csv,2009_11_15,14.1,1,1,88,0.048,25,0.28,4,1.21,11.6,136,THEIX,2009_09_15,11.6,1,1,136,simulation_136
-3,4,12,1,9000,False,False,True,,,50,Meteo_GEVES.csv,2009_11_15,14.1,1,1,112,0.059,15,0.64,2,0.92,12,137,THEIX,2009_09_15,12,1,1,137,simulation_137
-3,4,12,1,9000,False,False,True,,,50,Meteo_GEVES.csv,2009_11_15,14.1,1,1,88,0.059,15,0.64,2,0.92,12,138,THEIX,2009_09_15,12,1,1,138,simulation_138
-3,4,12,1,9000,False,False,True,,,50,Meteo_GEVES.csv,2009_11_15,14.1,1,1,88,0.026,15,0.64,2,0.92,12,139,THEIX,2009_09_15,12,1,1,139,simulation_139
-3,4,12,1,9000,False,False,True,,,50,Meteo_GEVES.csv,2009_11_15,14.1,1,1,88,0.026,15,0.64,5,0.92,12,140,THEIX,2009_09_15,12,1,1,140,simulation_140
-3,4,12,1,9000,False,False,True,,,50,Meteo_GEVES.csv,2009_11_15,14.1,1,1,88,0.026,15,0.64,5,0.05,12,141,THEIX,2009_09_15,12,1,1,141,simulation_141
-3,4,12,1,9000,False,False,True,,,50,Meteo_GEVES.csv,2009_11_15,14.1,1,1,88,0.026,21,0.64,5,0.05,12,142,THEIX,2009_09_15,12,1,1,142,simulation_142
-3,4,12,1,9000,False,False,True,,,50,Meteo_GEVES.csv,2009_11_15,14.1,1,1,88,0.026,21,0.1,5,0.05,12,143,THEIX,2009_09_15,12,1,1,143,simulation_143
-3,4,12,1,9000,False,False,True,,,50,Meteo_GEVES.csv,2009_11_15,14.1,1,1,88,0.026,21,0.1,5,0.05,10.8,144,THEIX,2009_09_15,10.8,1,1,144,simulation_144
-3,4,12,1,9000,False,False,True,,,50,Meteo_GEVES.csv,2009_11_15,14.1,1,1,112,0.048,17,0.64,2,0.05,10.4,145,THEIX,2009_09_15,10.4,1,1,145,simulation_145
-3,4,12,1,9000,False,False,True,,,50,Meteo_GEVES.csv,2009_11_15,14.1,1,1,112,0.048,17,0.64,5,0.05,10.4,146,THEIX,2009_09_15,10.4,1,1,146,simulation_146
-3,4,12,1,9000,False,False,True,,,50,Meteo_GEVES.csv,2009_11_15,14.1,1,1,112,0.048,17,0.64,5,0.05,11.6,147,THEIX,2009_09_15,11.6,1,1,147,simulation_147
-3,4,12,1,9000,False,False,True,,,50,Meteo_GEVES.csv,2009_11_15,14.1,1,1,112,0.048,23,0.64,5,0.05,11.6,148,THEIX,2009_09_15,11.6,1,1,148,simulation_148
-3,4,12,1,9000,False,False,True,,,50,Meteo_GEVES.csv,2009_11_15,14.1,1,1,88,0.048,23,0.64,5,0.05,11.6,149,THEIX,2009_09_15,11.6,1,1,149,simulation_149
-3,4,12,1,9000,False,False,True,,,50,Meteo_GEVES.csv,2009_11_15,14.1,1,1,88,0.048,23,0.1,5,0.05,11.6,150,THEIX,2009_09_15,11.6,1,1,150,simulation_150
-3,4,12,1,9000,False,False,True,,,50,Meteo_GEVES.csv,2009_11_15,14.1,1,1,88,0.015,23,0.1,5,0.05,11.6,151,THEIX,2009_09_15,11.6,1,1,151,simulation_151
-3,4,12,1,9000,False,False,True,,,50,Meteo_GEVES.csv,2009_11_15,14.1,1,1,88,0.015,23,0.1,5,0.92,11.6,152,THEIX,2009_09_15,11.6,1,1,152,simulation_152
-3,4,12,1,9000,False,False,True,,,50,Meteo_GEVES.csv,2009_11_15,14.1,1,1,80,0.059,23,0.28,7,1.5,11.6,153,THEIX,2009_09_15,11.6,1,1,153,simulation_153
-3,4,12,1,9000,False,False,True,,,50,Meteo_GEVES.csv,2009_11_15,14.1,1,1,80,0.026,23,0.28,7,1.5,11.6,154,THEIX,2009_09_15,11.6,1,1,154,simulation_154
-3,4,12,1,9000,False,False,True,,,50,Meteo_GEVES.csv,2009_11_15,14.1,1,1,80,0.026,23,0.28,7,0.63,11.6,155,THEIX,2009_09_15,11.6,1,1,155,simulation_155
-3,4,12,1,9000,False,False,True,,,50,Meteo_GEVES.csv,2009_11_15,14.1,1,1,80,0.026,23,0.28,7,0.63,10.4,156,THEIX,2009_09_15,10.4,1,1,156,simulation_156
-3,4,12,1,9000,False,False,True,,,50,Meteo_GEVES.csv,2009_11_15,14.1,1,1,80,0.026,23,0.82,7,0.63,10.4,157,THEIX,2009_09_15,10.4,1,1,157,simulation_157
-3,4,12,1,9000,False,False,True,,,50,Meteo_GEVES.csv,2009_11_15,14.1,1,1,80,0.026,23,0.82,4,0.63,10.4,158,THEIX,2009_09_15,10.4,1,1,158,simulation_158
-3,4,12,1,9000,False,False,True,,,50,Meteo_GEVES.csv,2009_11_15,14.1,1,1,80,0.026,17,0.82,4,0.63,10.4,159,THEIX,2009_09_15,10.4,1,1,159,simulation_159
-3,4,12,1,9000,False,False,True,,,50,Meteo_GEVES.csv,2009_11_15,14.1,1,1,104,0.026,17,0.82,4,0.63,10.4,160,THEIX,2009_09_15,10.4,1,1,160,simulation_160
-3,4,12,1,9000,False,False,True,,,50,Meteo_GEVES.csv,2009_11_15,14.1,1,1,96,0.037,25,1,4,1.5,12,161,THEIX,2009_09_15,12,1,1,161,simulation_161
-3,4,12,1,9000,False,False,True,,,50,Meteo_GEVES.csv,2009_11_15,14.1,1,1,120,0.037,25,1,4,1.5,12,162,THEIX,2009_09_15,12,1,1,162,simulation_162
-3,4,12,1,9000,False,False,True,,,50,Meteo_GEVES.csv,2009_11_15,14.1,1,1,120,0.037,25,1,4,1.5,10.8,163,THEIX,2009_09_15,10.8,1,1,163,simulation_163
-3,4,12,1,9000,False,False,True,,,50,Meteo_GEVES.csv,2009_11_15,14.1,1,1,120,0.07,25,1,4,1.5,10.8,164,THEIX,2009_09_15,10.8,1,1,164,simulation_164
-3,4,12,1,9000,False,False,True,,,50,Meteo_GEVES.csv,2009_11_15,14.1,1,1,120,0.07,25,1,4,0.63,10.8,165,THEIX,2009_09_15,10.8,1,1,165,simulation_165
-3,4,12,1,9000,False,False,True,,,50,Meteo_GEVES.csv,2009_11_15,14.1,1,1,120,0.07,25,0.46,4,0.63,10.8,166,THEIX,2009_09_15,10.8,1,1,166,simulation_166
-3,4,12,1,9000,False,False,True,,,50,Meteo_GEVES.csv,2009_11_15,14.1,1,1,120,0.07,19,0.46,4,0.63,10.8,167,THEIX,2009_09_15,10.8,1,1,167,simulation_167
-3,4,12,1,9000,False,False,True,,,50,Meteo_GEVES.csv,2009_11_15,14.1,1,1,120,0.07,19,0.46,7,0.63,10.8,168,THEIX,2009_09_15,10.8,1,1,168,simulation_168
-3,4,12,1,9000,False,False,True,,,50,Meteo_GEVES.csv,2009_11_15,14.1,1,1,88,0.07,21,0.46,4,0.34,11.2,169,THEIX,2009_09_15,11.2,1,1,169,simulation_169
-3,4,12,1,9000,False,False,True,,,50,Meteo_GEVES.csv,2009_11_15,14.1,1,1,88,0.07,21,0.46,4,1.21,11.2,170,THEIX,2009_09_15,11.2,1,1,170,simulation_170
-3,4,12,1,9000,False,False,True,,,50,Meteo_GEVES.csv,2009_11_15,14.1,1,1,88,0.07,21,0.46,7,1.21,11.2,171,THEIX,2009_09_15,11.2,1,1,171,simulation_171
-3,4,12,1,9000,False,False,True,,,50,Meteo_GEVES.csv,2009_11_15,14.1,1,1,88,0.037,21,0.46,7,1.21,11.2,172,THEIX,2009_09_15,11.2,1,1,172,simulation_172
-3,4,12,1,9000,False,False,True,,,50,Meteo_GEVES.csv,2009_11_15,14.1,1,1,88,0.037,21,1,7,1.21,11.2,173,THEIX,2009_09_15,11.2,1,1,173,simulation_173
-3,4,12,1,9000,False,False,True,,,50,Meteo_GEVES.csv,2009_11_15,14.1,1,1,88,0.037,15,1,7,1.21,11.2,174,THEIX,2009_09_15,11.2,1,1,174,simulation_174
-3,4,12,1,9000,False,False,True,,,50,Meteo_GEVES.csv,2009_11_15,14.1,1,1,112,0.037,15,1,7,1.21,11.2,175,THEIX,2009_09_15,11.2,1,1,175,simulation_175
-3,4,12,1,9000,False,False,True,,,50,Meteo_GEVES.csv,2009_11_15,14.1,1,1,112,0.037,15,1,7,1.21,10,176,THEIX,2009_09_15,10,1,1,176,simulation_176
-3,4,12,1,9000,False,False,True,,,50,Meteo_GEVES.csv,2009_11_15,14.1,1,1,80,0.015,21,0.64,3,1.21,12,177,THEIX,2009_09_15,12,1,1,177,simulation_177
-3,4,12,1,9000,False,False,True,,,50,Meteo_GEVES.csv,2009_11_15,14.1,1,1,80,0.048,21,0.64,3,1.21,12,178,THEIX,2009_09_15,12,1,1,178,simulation_178
-3,4,12,1,9000,False,False,True,,,50,Meteo_GEVES.csv,2009_11_15,14.1,1,1,80,0.048,21,0.64,3,1.21,10.8,179,THEIX,2009_09_15,10.8,1,1,179,simulation_179
-3,4,12,1,9000,False,False,True,,,50,Meteo_GEVES.csv,2009_11_15,14.1,1,1,80,0.048,21,0.64,6,1.21,10.8,180,THEIX,2009_09_15,10.8,1,1,180,simulation_180
-3,4,12,1,9000,False,False,True,,,50,Meteo_GEVES.csv,2009_11_15,14.1,1,1,104,0.048,21,0.64,6,1.21,10.8,181,THEIX,2009_09_15,10.8,1,1,181,simulation_181
-3,4,12,1,9000,False,False,True,,,50,Meteo_GEVES.csv,2009_11_15,14.1,1,1,104,0.048,21,0.64,6,0.34,10.8,182,THEIX,2009_09_15,10.8,1,1,182,simulation_182
-3,4,12,1,9000,False,False,True,,,50,Meteo_GEVES.csv,2009_11_15,14.1,1,1,104,0.048,15,0.64,6,0.34,10.8,183,THEIX,2009_09_15,10.8,1,1,183,simulation_183
-3,4,12,1,9000,False,False,True,,,50,Meteo_GEVES.csv,2009_11_15,14.1,1,1,104,0.048,15,0.1,6,0.34,10.8,184,THEIX,2009_09_15,10.8,1,1,184,simulation_184
-3,4,12,1,9000,False,False,True,,,50,Meteo_GEVES.csv,2009_11_15,14.1,1,1,80,0.037,19,0.28,4,1.5,10,185,THEIX,2009_09_15,10,1,1,185,simulation_185
-3,4,12,1,9000,False,False,True,,,50,Meteo_GEVES.csv,2009_11_15,14.1,1,1,80,0.037,19,0.28,4,0.63,10,186,THEIX,2009_09_15,10,1,1,186,simulation_186
-3,4,12,1,9000,False,False,True,,,50,Meteo_GEVES.csv,2009_11_15,14.1,1,1,80,0.07,19,0.28,4,0.63,10,187,THEIX,2009_09_15,10,1,1,187,simulation_187
-3,4,12,1,9000,False,False,True,,,50,Meteo_GEVES.csv,2009_11_15,14.1,1,1,80,0.07,25,0.28,4,0.63,10,188,THEIX,2009_09_15,10,1,1,188,simulation_188
-3,4,12,1,9000,False,False,True,,,50,Meteo_GEVES.csv,2009_11_15,14.1,1,1,104,0.07,25,0.28,4,0.63,10,189,THEIX,2009_09_15,10,1,1,189,simulation_189
-3,4,12,1,9000,False,False,True,,,50,Meteo_GEVES.csv,2009_11_15,14.1,1,1,104,0.07,25,0.82,4,0.63,10,190,THEIX,2009_09_15,10,1,1,190,simulation_190
-3,4,12,1,9000,False,False,True,,,50,Meteo_GEVES.csv,2009_11_15,14.1,1,1,104,0.07,25,0.82,7,0.63,10,191,THEIX,2009_09_15,10,1,1,191,simulation_191
-3,4,12,1,9000,False,False,True,,,50,Meteo_GEVES.csv,2009_11_15,14.1,1,1,104,0.07,25,0.82,7,0.63,11.2,192,THEIX,2009_09_15,11.2,1,1,192,simulation_192
-3,4,12,1,9000,False,False,True,,,50,Meteo_GEVES.csv,2009_11_15,14.1,1,1,88,0.015,23,0.1,3,0.34,10.4,193,THEIX,2009_09_15,10.4,1,1,193,simulation_193
-3,4,12,1,9000,False,False,True,,,50,Meteo_GEVES.csv,2009_11_15,14.1,1,1,88,0.015,23,0.64,3,0.34,10.4,194,THEIX,2009_09_15,10.4,1,1,194,simulation_194
-3,4,12,1,9000,False,False,True,,,50,Meteo_GEVES.csv,2009_11_15,14.1,1,1,88,0.015,23,0.64,3,0.34,11.6,195,THEIX,2009_09_15,11.6,1,1,195,simulation_195
-3,4,12,1,9000,False,False,True,,,50,Meteo_GEVES.csv,2009_11_15,14.1,1,1,88,0.015,23,0.64,6,0.34,11.6,196,THEIX,2009_09_15,11.6,1,1,196,simulation_196
-3,4,12,1,9000,False,False,True,,,50,Meteo_GEVES.csv,2009_11_15,14.1,1,1,88,0.015,23,0.64,6,1.21,11.6,197,THEIX,2009_09_15,11.6,1,1,197,simulation_197
-3,4,12,1,9000,False,False,True,,,50,Meteo_GEVES.csv,2009_11_15,14.1,1,1,88,0.015,17,0.64,6,1.21,11.6,198,THEIX,2009_09_15,11.6,1,1,198,simulation_198
-3,4,12,1,9000,False,False,True,,,50,Meteo_GEVES.csv,2009_11_15,14.1,1,1,112,0.015,17,0.64,6,1.21,11.6,199,THEIX,2009_09_15,11.6,1,1,199,simulation_199
-3,4,12,1,9000,False,False,True,,,50,Meteo_GEVES.csv,2009_11_15,14.1,1,1,112,0.048,17,0.64,6,1.21,11.6,200,THEIX,2009_09_15,11.6,1,1,200,simulation_200
-3,4,12,1,9000,False,False,True,,,50,Meteo_GEVES.csv,2009_11_15,14.1,1,1,112,0.048,19,0.64,6,0.92,11.6,201,THEIX,2009_09_15,11.6,1,1,201,simulation_201
-3,4,12,1,9000,False,False,True,,,50,Meteo_GEVES.csv,2009_11_15,14.1,1,1,112,0.048,19,0.64,6,0.05,11.6,202,THEIX,2009_09_15,11.6,1,1,202,simulation_202
-3,4,12,1,9000,False,False,True,,,50,Meteo_GEVES.csv,2009_11_15,14.1,1,1,112,0.048,25,0.64,6,0.05,11.6,203,THEIX,2009_09_15,11.6,1,1,203,simulation_203
-3,4,12,1,9000,False,False,True,,,50,Meteo_GEVES.csv,2009_11_15,14.1,1,1,112,0.015,25,0.64,6,0.05,11.6,204,THEIX,2009_09_15,11.6,1,1,204,simulation_204
-3,4,12,1,9000,False,False,True,,,50,Meteo_GEVES.csv,2009_11_15,14.1,1,1,88,0.015,25,0.64,6,0.05,11.6,205,THEIX,2009_09_15,11.6,1,1,205,simulation_205
-3,4,12,1,9000,False,False,True,,,50,Meteo_GEVES.csv,2009_11_15,14.1,1,1,88,0.015,25,0.1,6,0.05,11.6,206,THEIX,2009_09_15,11.6,1,1,206,simulation_206
-3,4,12,1,9000,False,False,True,,,50,Meteo_GEVES.csv,2009_11_15,14.1,1,1,88,0.015,25,0.1,3,0.05,11.6,207,THEIX,2009_09_15,11.6,1,1,207,simulation_207
-3,4,12,1,9000,False,False,True,,,50,Meteo_GEVES.csv,2009_11_15,14.1,1,1,88,0.015,25,0.1,3,0.05,10.4,208,THEIX,2009_09_15,10.4,1,1,208,simulation_208
-3,4,12,1,9000,False,False,True,,,50,Meteo_GEVES.csv,2009_11_15,14.1,1,1,96,0.015,17,0.64,5,0.92,11.6,209,THEIX,2009_09_15,11.6,1,1,209,simulation_209
-3,4,12,1,9000,False,False,True,,,50,Meteo_GEVES.csv,2009_11_15,14.1,1,1,120,0.015,17,0.64,5,0.92,11.6,210,THEIX,2009_09_15,11.6,1,1,210,simulation_210
-3,4,12,1,9000,False,False,True,,,50,Meteo_GEVES.csv,2009_11_15,14.1,1,1,120,0.015,17,0.1,5,0.92,11.6,211,THEIX,2009_09_15,11.6,1,1,211,simulation_211
-3,4,12,1,9000,False,False,True,,,50,Meteo_GEVES.csv,2009_11_15,14.1,1,1,120,0.015,23,0.1,5,0.92,11.6,212,THEIX,2009_09_15,11.6,1,1,212,simulation_212
-3,4,12,1,9000,False,False,True,,,50,Meteo_GEVES.csv,2009_11_15,14.1,1,1,120,0.015,23,0.1,5,0.92,10.4,213,THEIX,2009_09_15,10.4,1,1,213,simulation_213
-3,4,12,1,9000,False,False,True,,,50,Meteo_GEVES.csv,2009_11_15,14.1,1,1,120,0.015,23,0.1,5,0.05,10.4,214,THEIX,2009_09_15,10.4,1,1,214,simulation_214
-3,4,12,1,9000,False,False,True,,,50,Meteo_GEVES.csv,2009_11_15,14.1,1,1,120,0.048,23,0.1,5,0.05,10.4,215,THEIX,2009_09_15,10.4,1,1,215,simulation_215
-3,4,12,1,9000,False,False,True,,,50,Meteo_GEVES.csv,2009_11_15,14.1,1,1,120,0.048,23,0.1,2,0.05,10.4,216,THEIX,2009_09_15,10.4,1,1,216,simulation_216
-3,4,12,1,9000,False,False,True,,,50,Meteo_GEVES.csv,2009_11_15,14.1,1,1,104,0.026,21,0.1,6,0.05,12,217,THEIX,2009_09_15,12,1,1,217,simulation_217
-3,4,12,1,9000,False,False,True,,,50,Meteo_GEVES.csv,2009_11_15,14.1,1,1,104,0.026,15,0.1,6,0.05,12,218,THEIX,2009_09_15,12,1,1,218,simulation_218
-3,4,12,1,9000,False,False,True,,,50,Meteo_GEVES.csv,2009_11_15,14.1,1,1,80,0.026,15,0.1,6,0.05,12,219,THEIX,2009_09_15,12,1,1,219,simulation_219
-3,4,12,1,9000,False,False,True,,,50,Meteo_GEVES.csv,2009_11_15,14.1,1,1,80,0.026,15,0.64,6,0.05,12,220,THEIX,2009_09_15,12,1,1,220,simulation_220
-3,4,12,1,9000,False,False,True,,,50,Meteo_GEVES.csv,2009_11_15,14.1,1,1,80,0.026,15,0.64,3,0.05,12,221,THEIX,2009_09_15,12,1,1,221,simulation_221
-3,4,12,1,9000,False,False,True,,,50,Meteo_GEVES.csv,2009_11_15,14.1,1,1,80,0.026,15,0.64,3,0.92,12,222,THEIX,2009_09_15,12,1,1,222,simulation_222
-3,4,12,1,9000,False,False,True,,,50,Meteo_GEVES.csv,2009_11_15,14.1,1,1,80,0.026,15,0.64,3,0.92,10.8,223,THEIX,2009_09_15,10.8,1,1,223,simulation_223
-3,4,12,1,9000,False,False,True,,,50,Meteo_GEVES.csv,2009_11_15,14.1,1,1,80,0.059,15,0.64,3,0.92,10.8,224,THEIX,2009_09_15,10.8,1,1,224,simulation_224
-3,4,12,1,9000,False,False,True,,,50,Meteo_GEVES.csv,2009_11_15,14.1,1,1,112,0.026,25,0.64,4,0.63,12,225,THEIX,2009_09_15,12,1,1,225,simulation_225
-3,4,12,1,9000,False,False,True,,,50,Meteo_GEVES.csv,2009_11_15,14.1,1,1,112,0.026,25,0.64,7,0.63,12,226,THEIX,2009_09_15,12,1,1,226,simulation_226
-3,4,12,1,9000,False,False,True,,,50,Meteo_GEVES.csv,2009_11_15,14.1,1,1,112,0.026,25,0.1,7,0.63,12,227,THEIX,2009_09_15,12,1,1,227,simulation_227
-3,4,12,1,9000,False,False,True,,,50,Meteo_GEVES.csv,2009_11_15,14.1,1,1,112,0.059,25,0.1,7,0.63,12,228,THEIX,2009_09_15,12,1,1,228,simulation_228
-3,4,12,1,9000,False,False,True,,,50,Meteo_GEVES.csv,2009_11_15,14.1,1,1,112,0.059,19,0.1,7,0.63,12,229,THEIX,2009_09_15,12,1,1,229,simulation_229
-3,4,12,1,9000,False,False,True,,,50,Meteo_GEVES.csv,2009_11_15,14.1,1,1,112,0.059,19,0.1,7,0.63,10.8,230,THEIX,2009_09_15,10.8,1,1,230,simulation_230
-3,4,12,1,9000,False,False,True,,,50,Meteo_GEVES.csv,2009_11_15,14.1,1,1,88,0.059,19,0.1,7,0.63,10.8,231,THEIX,2009_09_15,10.8,1,1,231,simulation_231
-3,4,12,1,9000,False,False,True,,,50,Meteo_GEVES.csv,2009_11_15,14.1,1,1,88,0.059,19,0.1,7,1.5,10.8,232,THEIX,2009_09_15,10.8,1,1,232,simulation_232
-3,4,12,1,9000,False,False,True,,,50,Meteo_GEVES.csv,2009_11_15,14.1,1,1,88,0.026,17,1,4,1.5,10.4,233,THEIX,2009_09_15,10.4,1,1,233,simulation_233
-3,4,12,1,9000,False,False,True,,,50,Meteo_GEVES.csv,2009_11_15,14.1,1,1,88,0.026,17,1,4,1.5,11.6,234,THEIX,2009_09_15,11.6,1,1,234,simulation_234
-3,4,12,1,9000,False,False,True,,,50,Meteo_GEVES.csv,2009_11_15,14.1,1,1,88,0.026,17,1,4,0.63,11.6,235,THEIX,2009_09_15,11.6,1,1,235,simulation_235
-3,4,12,1,9000,False,False,True,,,50,Meteo_GEVES.csv,2009_11_15,14.1,1,1,88,0.026,23,1,4,0.63,11.6,236,THEIX,2009_09_15,11.6,1,1,236,simulation_236
-3,4,12,1,9000,False,False,True,,,50,Meteo_GEVES.csv,2009_11_15,14.1,1,1,88,0.059,23,1,4,0.63,11.6,237,THEIX,2009_09_15,11.6,1,1,237,simulation_237
-3,4,12,1,9000,False,False,True,,,50,Meteo_GEVES.csv,2009_11_15,14.1,1,1,88,0.059,23,0.46,4,0.63,11.6,238,THEIX,2009_09_15,11.6,1,1,238,simulation_238
-3,4,12,1,9000,False,False,True,,,50,Meteo_GEVES.csv,2009_11_15,14.1,1,1,112,0.059,23,0.46,4,0.63,11.6,239,THEIX,2009_09_15,11.6,1,1,239,simulation_239
-3,4,12,1,9000,False,False,True,,,50,Meteo_GEVES.csv,2009_11_15,14.1,1,1,112,0.059,23,0.46,7,0.63,11.6,240,THEIX,2009_09_15,11.6,1,1,240,simulation_240
-3,4,12,1,9000,False,False,True,,,50,Meteo_GEVES.csv,2009_11_15,14.1,1,1,96,0.048,25,1,3,0.92,11.2,241,THEIX,2009_09_15,11.2,1,1,241,simulation_241
-3,4,12,1,9000,False,False,True,,,50,Meteo_GEVES.csv,2009_11_15,14.1,1,1,120,0.048,25,1,3,0.92,11.2,242,THEIX,2009_09_15,11.2,1,1,242,simulation_242
-3,4,12,1,9000,False,False,True,,,50,Meteo_GEVES.csv,2009_11_15,14.1,1,1,120,0.048,25,1,3,0.92,10,243,THEIX,2009_09_15,10,1,1,243,simulation_243
-3,4,12,1,9000,False,False,True,,,50,Meteo_GEVES.csv,2009_11_15,14.1,1,1,120,0.048,25,1,3,0.05,10,244,THEIX,2009_09_15,10,1,1,244,simulation_244
-3,4,12,1,9000,False,False,True,,,50,Meteo_GEVES.csv,2009_11_15,14.1,1,1,120,0.015,25,1,3,0.05,10,245,THEIX,2009_09_15,10,1,1,245,simulation_245
-3,4,12,1,9000,False,False,True,,,50,Meteo_GEVES.csv,2009_11_15,14.1,1,1,120,0.015,25,0.46,3,0.05,10,246,THEIX,2009_09_15,10,1,1,246,simulation_246
-3,4,12,1,9000,False,False,True,,,50,Meteo_GEVES.csv,2009_11_15,14.1,1,1,120,0.015,25,0.46,6,0.05,10,247,THEIX,2009_09_15,10,1,1,247,simulation_247
-3,4,12,1,9000,False,False,True,,,50,Meteo_GEVES.csv,2009_11_15,14.1,1,1,120,0.015,19,0.46,6,0.05,10,248,THEIX,2009_09_15,10,1,1,248,simulation_248
-3,4,12,1,9000,False,False,True,,,50,Meteo_GEVES.csv,2009_11_15,14.1,1,1,112,0.037,23,0.28,7,0.63,11.6,249,THEIX,2009_09_15,11.6,1,1,249,simulation_249
-3,4,12,1,9000,False,False,True,,,50,Meteo_GEVES.csv,2009_11_15,14.1,1,1,112,0.037,23,0.28,7,0.63,10.4,250,THEIX,2009_09_15,10.4,1,1,250,simulation_250
-3,4,12,1,9000,False,False,True,,,50,Meteo_GEVES.csv,2009_11_15,14.1,1,1,112,0.037,23,0.28,4,0.63,10.4,251,THEIX,2009_09_15,10.4,1,1,251,simulation_251
-3,4,12,1,9000,False,False,True,,,50,Meteo_GEVES.csv,2009_11_15,14.1,1,1,112,0.037,23,0.82,4,0.63,10.4,252,THEIX,2009_09_15,10.4,1,1,252,simulation_252
-3,4,12,1,9000,False,False,True,,,50,Meteo_GEVES.csv,2009_11_15,14.1,1,1,112,0.037,23,0.82,4,1.5,10.4,253,THEIX,2009_09_15,10.4,1,1,253,simulation_253
-3,4,12,1,9000,False,False,True,,,50,Meteo_GEVES.csv,2009_11_15,14.1,1,1,88,0.037,23,0.82,4,1.5,10.4,254,THEIX,2009_09_15,10.4,1,1,254,simulation_254
-3,4,12,1,9000,False,False,True,,,50,Meteo_GEVES.csv,2009_11_15,14.1,1,1,88,0.07,23,0.82,4,1.5,10.4,255,THEIX,2009_09_15,10.4,1,1,255,simulation_255
-3,4,12,1,9000,False,False,True,,,50,Meteo_GEVES.csv,2009_11_15,14.1,1,1,88,0.07,17,0.82,4,1.5,10.4,256,THEIX,2009_09_15,10.4,1,1,256,simulation_256
-3,4,12,1,9000,False,False,True,,,50,Meteo_GEVES.csv,2009_11_15,14.1,1,1,80,0.059,19,1,6,0.34,10,257,THEIX,2009_09_15,10,1,1,257,simulation_257
-3,4,12,1,9000,False,False,True,,,50,Meteo_GEVES.csv,2009_11_15,14.1,1,1,80,0.059,19,1,6,0.34,11.2,258,THEIX,2009_09_15,11.2,1,1,258,simulation_258
-3,4,12,1,9000,False,False,True,,,50,Meteo_GEVES.csv,2009_11_15,14.1,1,1,80,0.059,19,0.46,6,0.34,11.2,259,THEIX,2009_09_15,11.2,1,1,259,simulation_259
-3,4,12,1,9000,False,False,True,,,50,Meteo_GEVES.csv,2009_11_15,14.1,1,1,80,0.026,19,0.46,6,0.34,11.2,260,THEIX,2009_09_15,11.2,1,1,260,simulation_260
-3,4,12,1,9000,False,False,True,,,50,Meteo_GEVES.csv,2009_11_15,14.1,1,1,80,0.026,19,0.46,6,1.21,11.2,261,THEIX,2009_09_15,11.2,1,1,261,simulation_261
-3,4,12,1,9000,False,False,True,,,50,Meteo_GEVES.csv,2009_11_15,14.1,1,1,80,0.026,25,0.46,6,1.21,11.2,262,THEIX,2009_09_15,11.2,1,1,262,simulation_262
-3,4,12,1,9000,False,False,True,,,50,Meteo_GEVES.csv,2009_11_15,14.1,1,1,80,0.026,25,0.46,3,1.21,11.2,263,THEIX,2009_09_15,11.2,1,1,263,simulation_263
-3,4,12,1,9000,False,False,True,,,50,Meteo_GEVES.csv,2009_11_15,14.1,1,1,104,0.026,25,0.46,3,1.21,11.2,264,THEIX,2009_09_15,11.2,1,1,264,simulation_264
-3,4,12,1,9000,False,False,True,,,50,Meteo_GEVES.csv,2009_11_15,14.1,1,1,120,0.07,19,1,5,0.63,10.4,265,THEIX,2009_09_15,10.4,1,1,265,simulation_265
-3,4,12,1,9000,False,False,True,,,50,Meteo_GEVES.csv,2009_11_15,14.1,1,1,120,0.07,19,1,5,1.5,10.4,266,THEIX,2009_09_15,10.4,1,1,266,simulation_266
-3,4,12,1,9000,False,False,True,,,50,Meteo_GEVES.csv,2009_11_15,14.1,1,1,96,0.07,19,1,5,1.5,10.4,267,THEIX,2009_09_15,10.4,1,1,267,simulation_267
-3,4,12,1,9000,False,False,True,,,50,Meteo_GEVES.csv,2009_11_15,14.1,1,1,96,0.07,19,1,5,1.5,11.6,268,THEIX,2009_09_15,11.6,1,1,268,simulation_268
-3,4,12,1,9000,False,False,True,,,50,Meteo_GEVES.csv,2009_11_15,14.1,1,1,96,0.07,25,1,5,1.5,11.6,269,THEIX,2009_09_15,11.6,1,1,269,simulation_269
-3,4,12,1,9000,False,False,True,,,50,Meteo_GEVES.csv,2009_11_15,14.1,1,1,96,0.037,25,1,5,1.5,11.6,270,THEIX,2009_09_15,11.6,1,1,270,simulation_270
-3,4,12,1,9000,False,False,True,,,50,Meteo_GEVES.csv,2009_11_15,14.1,1,1,96,0.037,25,1,2,1.5,11.6,271,THEIX,2009_09_15,11.6,1,1,271,simulation_271
-3,4,12,1,9000,False,False,True,,,50,Meteo_GEVES.csv,2009_11_15,14.1,1,1,96,0.037,25,0.46,2,1.5,11.6,272,THEIX,2009_09_15,11.6,1,1,272,simulation_272
-3,4,12,1,9000,False,False,True,,,50,Meteo_GEVES.csv,2009_11_15,14.1,1,1,120,0.037,21,0.1,2,0.34,10,273,THEIX,2009_09_15,10,1,1,273,simulation_273
-3,4,12,1,9000,False,False,True,,,50,Meteo_GEVES.csv,2009_11_15,14.1,1,1,120,0.07,21,0.1,2,0.34,10,274,THEIX,2009_09_15,10,1,1,274,simulation_274
-3,4,12,1,9000,False,False,True,,,50,Meteo_GEVES.csv,2009_11_15,14.1,1,1,120,0.07,21,0.1,2,0.34,11.2,275,THEIX,2009_09_15,11.2,1,1,275,simulation_275
-3,4,12,1,9000,False,False,True,,,50,Meteo_GEVES.csv,2009_11_15,14.1,1,1,120,0.07,21,0.1,5,0.34,11.2,276,THEIX,2009_09_15,11.2,1,1,276,simulation_276
-3,4,12,1,9000,False,False,True,,,50,Meteo_GEVES.csv,2009_11_15,14.1,1,1,120,0.07,21,0.64,5,0.34,11.2,277,THEIX,2009_09_15,11.2,1,1,277,simulation_277
-3,4,12,1,9000,False,False,True,,,50,Meteo_GEVES.csv,2009_11_15,14.1,1,1,96,0.07,21,0.64,5,0.34,11.2,278,THEIX,2009_09_15,11.2,1,1,278,simulation_278
-3,4,12,1,9000,False,False,True,,,50,Meteo_GEVES.csv,2009_11_15,14.1,1,1,96,0.07,15,0.64,5,0.34,11.2,279,THEIX,2009_09_15,11.2,1,1,279,simulation_279
-3,4,12,1,9000,False,False,True,,,50,Meteo_GEVES.csv,2009_11_15,14.1,1,1,96,0.07,15,0.64,5,1.21,11.2,280,THEIX,2009_09_15,11.2,1,1,280,simulation_280
-3,4,12,1,9000,False,False,True,,,50,Meteo_GEVES.csv,2009_11_15,14.1,1,1,112,0.07,21,0.82,2,0.63,10.4,281,THEIX,2009_09_15,10.4,1,1,281,simulation_281
-3,4,12,1,9000,False,False,True,,,50,Meteo_GEVES.csv,2009_11_15,14.1,1,1,112,0.07,21,0.82,2,0.63,11.6,282,THEIX,2009_09_15,11.6,1,1,282,simulation_282
-3,4,12,1,9000,False,False,True,,,50,Meteo_GEVES.csv,2009_11_15,14.1,1,1,112,0.037,21,0.82,2,0.63,11.6,283,THEIX,2009_09_15,11.6,1,1,283,simulation_283
-3,4,12,1,9000,False,False,True,,,50,Meteo_GEVES.csv,2009_11_15,14.1,1,1,112,0.037,21,0.82,5,0.63,11.6,284,THEIX,2009_09_15,11.6,1,1,284,simulation_284
-3,4,12,1,9000,False,False,True,,,50,Meteo_GEVES.csv,2009_11_15,14.1,1,1,112,0.037,21,0.28,5,0.63,11.6,285,THEIX,2009_09_15,11.6,1,1,285,simulation_285
-3,4,12,1,9000,False,False,True,,,50,Meteo_GEVES.csv,2009_11_15,14.1,1,1,112,0.037,15,0.28,5,0.63,11.6,286,THEIX,2009_09_15,11.6,1,1,286,simulation_286
-3,4,12,1,9000,False,False,True,,,50,Meteo_GEVES.csv,2009_11_15,14.1,1,1,88,0.037,15,0.28,5,0.63,11.6,287,THEIX,2009_09_15,11.6,1,1,287,simulation_287
-3,4,12,1,9000,False,False,True,,,50,Meteo_GEVES.csv,2009_11_15,14.1,1,1,88,0.037,15,0.28,5,1.5,11.6,288,THEIX,2009_09_15,11.6,1,1,288,simulation_288
-3,4,12,1,9000,False,False,True,,,50,Meteo_GEVES.csv,2009_11_15,14.1,1,1,96,0.048,21,0.82,2,0.63,12,289,THEIX,2009_09_15,12,1,1,289,simulation_289
-3,4,12,1,9000,False,False,True,,,50,Meteo_GEVES.csv,2009_11_15,14.1,1,1,96,0.048,21,0.82,2,0.63,10.8,290,THEIX,2009_09_15,10.8,1,1,290,simulation_290
-3,4,12,1,9000,False,False,True,,,50,Meteo_GEVES.csv,2009_11_15,14.1,1,1,96,0.048,21,0.28,2,0.63,10.8,291,THEIX,2009_09_15,10.8,1,1,291,simulation_291
-3,4,12,1,9000,False,False,True,,,50,Meteo_GEVES.csv,2009_11_15,14.1,1,1,96,0.048,15,0.28,2,0.63,10.8,292,THEIX,2009_09_15,10.8,1,1,292,simulation_292
-3,4,12,1,9000,False,False,True,,,50,Meteo_GEVES.csv,2009_11_15,14.1,1,1,96,0.048,15,0.28,5,0.63,10.8,293,THEIX,2009_09_15,10.8,1,1,293,simulation_293
-3,4,12,1,9000,False,False,True,,,50,Meteo_GEVES.csv,2009_11_15,14.1,1,1,96,0.048,15,0.28,5,1.5,10.8,294,THEIX,2009_09_15,10.8,1,1,294,simulation_294
-3,4,12,1,9000,False,False,True,,,50,Meteo_GEVES.csv,2009_11_15,14.1,1,1,96,0.015,15,0.28,5,1.5,10.8,295,THEIX,2009_09_15,10.8,1,1,295,simulation_295
-3,4,12,1,9000,False,False,True,,,50,Meteo_GEVES.csv,2009_11_15,14.1,1,1,120,0.015,15,0.28,5,1.5,10.8,296,THEIX,2009_09_15,10.8,1,1,296,simulation_296
-3,4,12,1,9000,False,False,True,,,50,Meteo_GEVES.csv,2009_11_15,14.1,1,1,96,0.015,15,0.1,4,1.5,11.2,297,THEIX,2009_09_15,11.2,1,1,297,simulation_297
-3,4,12,1,9000,False,False,True,,,50,Meteo_GEVES.csv,2009_11_15,14.1,1,1,96,0.015,15,0.1,4,1.5,10,298,THEIX,2009_09_15,10,1,1,298,simulation_298
-3,4,12,1,9000,False,False,True,,,50,Meteo_GEVES.csv,2009_11_15,14.1,1,1,120,0.015,15,0.1,4,1.5,10,299,THEIX,2009_09_15,10,1,1,299,simulation_299
-3,4,12,1,9000,False,False,True,,,50,Meteo_GEVES.csv,2009_11_15,14.1,1,1,120,0.015,15,0.1,7,1.5,10,300,THEIX,2009_09_15,10,1,1,300,simulation_300
-3,4,12,1,9000,False,False,True,,,50,Meteo_GEVES.csv,2009_11_15,14.1,1,1,120,0.048,15,0.1,7,1.5,10,301,THEIX,2009_09_15,10,1,1,301,simulation_301
-3,4,12,1,9000,False,False,True,,,50,Meteo_GEVES.csv,2009_11_15,14.1,1,1,120,0.048,21,0.1,7,1.5,10,302,THEIX,2009_09_15,10,1,1,302,simulation_302
-3,4,12,1,9000,False,False,True,,,50,Meteo_GEVES.csv,2009_11_15,14.1,1,1,120,0.048,21,0.1,7,0.63,10,303,THEIX,2009_09_15,10,1,1,303,simulation_303
-3,4,12,1,9000,False,False,True,,,50,Meteo_GEVES.csv,2009_11_15,14.1,1,1,120,0.048,21,0.64,7,0.63,10,304,THEIX,2009_09_15,10,1,1,304,simulation_304
-3,4,12,1,9000,False,False,True,,,50,Meteo_GEVES.csv,2009_11_15,14.1,1,1,88,0.059,17,0.1,7,0.34,11.2,305,THEIX,2009_09_15,11.2,1,1,305,simulation_305
-3,4,12,1,9000,False,False,True,,,50,Meteo_GEVES.csv,2009_11_15,14.1,1,1,112,0.059,17,0.1,7,0.34,11.2,306,THEIX,2009_09_15,11.2,1,1,306,simulation_306
-3,4,12,1,9000,False,False,True,,,50,Meteo_GEVES.csv,2009_11_15,14.1,1,1,112,0.059,17,0.64,7,0.34,11.2,307,THEIX,2009_09_15,11.2,1,1,307,simulation_307
-3,4,12,1,9000,False,False,True,,,50,Meteo_GEVES.csv,2009_11_15,14.1,1,1,112,0.059,17,0.64,4,0.34,11.2,308,THEIX,2009_09_15,11.2,1,1,308,simulation_308
-3,4,12,1,9000,False,False,True,,,50,Meteo_GEVES.csv,2009_11_15,14.1,1,1,112,0.059,23,0.64,4,0.34,11.2,309,THEIX,2009_09_15,11.2,1,1,309,simulation_309
-3,4,12,1,9000,False,False,True,,,50,Meteo_GEVES.csv,2009_11_15,14.1,1,1,112,0.059,23,0.64,4,0.34,10,310,THEIX,2009_09_15,10,1,1,310,simulation_310
-3,4,12,1,9000,False,False,True,,,50,Meteo_GEVES.csv,2009_11_15,14.1,1,1,112,0.059,23,0.64,4,1.21,10,311,THEIX,2009_09_15,10,1,1,311,simulation_311
-3,4,12,1,9000,False,False,True,,,50,Meteo_GEVES.csv,2009_11_15,14.1,1,1,112,0.026,23,0.64,4,1.21,10,312,THEIX,2009_09_15,10,1,1,312,simulation_312
-3,4,12,1,9000,False,False,True,,,50,Meteo_GEVES.csv,2009_11_15,14.1,1,1,80,0.07,17,0.64,3,0.05,12,313,THEIX,2009_09_15,12,1,1,313,simulation_313
-3,4,12,1,9000,False,False,True,,,50,Meteo_GEVES.csv,2009_11_15,14.1,1,1,80,0.07,17,0.64,3,0.92,12,314,THEIX,2009_09_15,12,1,1,314,simulation_314
-3,4,12,1,9000,False,False,True,,,50,Meteo_GEVES.csv,2009_11_15,14.1,1,1,104,0.07,17,0.64,3,0.92,12,315,THEIX,2009_09_15,12,1,1,315,simulation_315
-3,4,12,1,9000,False,False,True,,,50,Meteo_GEVES.csv,2009_11_15,14.1,1,1,104,0.07,17,0.64,3,0.92,10.8,316,THEIX,2009_09_15,10.8,1,1,316,simulation_316
-3,4,12,1,9000,False,False,True,,,50,Meteo_GEVES.csv,2009_11_15,14.1,1,1,104,0.07,23,0.64,3,0.92,10.8,317,THEIX,2009_09_15,10.8,1,1,317,simulation_317
-3,4,12,1,9000,False,False,True,,,50,Meteo_GEVES.csv,2009_11_15,14.1,1,1,104,0.07,23,0.1,3,0.92,10.8,318,THEIX,2009_09_15,10.8,1,1,318,simulation_318
-3,4,12,1,9000,False,False,True,,,50,Meteo_GEVES.csv,2009_11_15,14.1,1,1,104,0.037,23,0.1,3,0.92,10.8,319,THEIX,2009_09_15,10.8,1,1,319,simulation_319
-3,4,12,1,9000,False,False,True,,,50,Meteo_GEVES.csv,2009_11_15,14.1,1,1,104,0.037,23,0.1,6,0.92,10.8,320,THEIX,2009_09_15,10.8,1,1,320,simulation_320
